GPA,Attendance,SAT Predictions
1771,0,3.122899031115854
1799,1,3.3847375626689837
1920,1,3.554113552049052
1921,0,3.332869265884534
1937,1,3.577910178656169
1658,1,3.1873655419864244
1780,1,3.3581413329316177
1827,1,3.4239320064924703
1863,1,3.4743248628369536
1869,0,3.260079584498058
